blackjack_payout,decks,count,policy,count_normalization,initial_count,initial_count_per_deck,count_minimum,count_maximum,factor,bias,continuous_betting_count,spread_edge,spread_stddev,kelly_growth_at_1,kelly_growth_stddev_at_1,empirical_optimum_multiplier,empirical_optimum_growth,mean_total_wager_fraction,max_total_wager_fraction,mean_abs_fx,max_abs_fx,result_file
"1.5","1","hilo","basic","true_count",0,0,-5,5,0.005,-0.0015945,true,0.0745338811,6.73763688557029,1.0000951106761335,2.0005709781579783e-05,0.75,1.0001089032267134,0.008998054927787956,0.6853608333333334,0.008423560585277986,0.6420275000000001,"paper_materials/performance-suites/h17c03_5b_named_counts_continuous/bj3-2/hilo_d1/basic/results.json"
"1.5","1","hilo","full_deviations","true_count",0,0,-5,5,0.005,-0.0015945,true,0.1019106444,7.102740725617665,1.000180123093162,2.1919528419941587e-05,0.8,1.000183110903618,0.009653527958552208,0.9999496111111112,0.008993327060204613,0.9998447647058829,"paper_materials/performance-suites/h17c03_5b_named_counts_continuous/bj3-2/hilo_d1/full_deviations/results.json"
"1.5","1","halves","basic","true_count",0,0,-5,5,0.005,-0.0015945,true,0.0783707332,7.0641286422784,1.0000953281177472,2.1000181685263404e-05,0.7,1.0001137036882666,0.009568164215318526,0.8451525,0.008953242895548651,0.8451524999999999,"paper_materials/performance-suites/h17c03_5b_named_counts_continuous/bj3-2/halves_d1/basic/results.json"
"1.5","1","halves","full_deviations","true_count",0,0,-5,5,0.005,-0.0015945,true,0.1095650798,7.4086151373023785,1.0001985398346764,2.2883504439220257e-05,0.8,1.0002025671281232,0.01023571710352755,0.9998447647058825,0.009534516386137126,0.9998447647058826,"paper_materials/performance-suites/h17c03_5b_named_counts_continuous/bj3-2/halves_d1/full_deviations/results.json"
"1.5","1","ko","basic","running_count",0,0,-20,30,0.005,-0.0015945,true,0.0753314458,8.310988660543835,1.0001098809327433,1.5020186754084868e-05,1,1.0001098809327433,0.008850064253979575,0.380433,0.008284463999174157,0.38043299999999974,"paper_materials/performance-suites/h17c03_5b_named_counts_continuous/bj3-2/ko_d1/basic/results.json"
"1.5","1","ko","full_deviations","running_count",0,0,-20,30,0.005,-0.0015945,true,0.1082027173,8.589978505297696,1.0001857152582387,1.637469320223707e-05,1,1.0001857152582387,0.00935778315901289,0.4438385000000001,0.008740181105404669,0.4438385000000001,"paper_materials/performance-suites/h17c03_5b_named_counts_continuous/bj3-2/ko_d1/full_deviations/results.json"
"1.5","1","hiopt1","basic","true_count",0,0,-5,5,0.005,-0.0015945,true,0.0671363536,6.675612997743207,1.0000702650038602,1.7766060298493167e-05,0.7,1.0000826621623444,0.008034639794515094,0.6853608333333334,0.007489353834681965,0.6853608333333335,"paper_materials/performance-suites/h17c03_5b_named_counts_continuous/bj3-2/hiopt1_d1/basic/results.json"
"1.5","1","hiopt1","full_deviations","true_count",0,0,-5,5,0.005,-0.0015945,true,0.0979081815,7.032625055762388,1.0001569590820332,1.9565923117577644e-05,0.9,1.0001592691454178,0.008646822808013037,0.965433,0.008017522063883707,0.965433,"paper_materials/performance-suites/h17c03_5b_named_counts_continuous/bj3-2/hiopt1_d1/full_deviations/results.json"
"1.5","1","hiopt2","basic","true_count",0,0,-5,5,0.005,-0.0015945,true,0.0717409858,6.978117118449308,0.9998782321175009,3.4397676446415615e-05,0.5,1.0000836472829278,0.015568232124008492,0.9965729545454545,0.014529447269401363,0.9965729545454545,"paper_materials/performance-suites/h17c03_5b_named_counts_continuous/bj3-2/hiopt2_d1/basic/results.json"
"1.5","1","hiopt2","full_deviations","true_count",0,0,-5,5,0.005,-0.0015945,true,0.1022520401,7.3291916845712795,0.9929888229641284,0.08341344467424092,0.5,1.0001705031404382,0.016578345778737253,1.3848846428571429,0.015423280599752846,1.3848846428571426,"paper_materials/performance-suites/h17c03_5b_named_counts_continuous/bj3-2/hiopt2_d1/full_deviations/results.json"
"1.5","1","omega2","basic","true_count",0,0,-5,5,0.005,-0.0015945,true,0.0723906094,6.993921166953033,0.9998283140989579,3.68822280609453e-05,0.5,1.000079587471463,0.01669465325558496,0.9980736428571428,0.015563938668747092,0.9980736428571431,"paper_materials/performance-suites/h17c03_5b_named_counts_continuous/bj3-2/omega2_d1/basic/results.json"
"1.5","1","omega2","full_deviations","true_count",0,0,-5,5,0.005,-0.0015945,true,0.1032965487,7.376962067935593,0.9879323496827043,0.10893229198625,0.5,1.0001728390714295,0.017910386462934122,1.8624330000000002,0.016615035215845488,1.8624330000000002,"paper_materials/performance-suites/h17c03_5b_named_counts_continuous/bj3-2/omega2_d1/full_deviations/results.json"
"1.5","1","zen","basic","true_count",0,0,-5,5,0.005,-0.0015945,true,0.0760113022,7.0083781269321745,0.9998635903300871,3.67769961233781e-05,0.5,1.000098838700303,0.016741684908328405,0.9965729545454546,0.015656003237592,0.9965729545454546,"paper_materials/performance-suites/h17c03_5b_named_counts_continuous/bj3-2/zen_d1/basic/results.json"
"1.5","1","zen","full_deviations","true_count",0,0,-5,5,0.005,-0.0015945,true,0.1053329828,7.384245542852693,0.9879585955205887,0.10893518604147659,0.5,1.0001875908924274,0.01796855759344934,1.9961472857142857,0.016702958641524008,1.9961472857142857,"paper_materials/performance-suites/h17c03_5b_named_counts_continuous/bj3-2/zen_d1/full_deviations/results.json"
"1.5","2","hilo","basic","true_count",0,0,-5,5,0.005,-0.0045688,true,0.0422500103,6.689458265504721,1.0000424648223756,1.3243128021329637e-05,0.7,1.0000490278888405,0.005447357465531401,0.6830184000000001,0.005073817301935632,0.6830184000000002,"paper_materials/performance-suites/h17c03_5b_named_counts_continuous/bj3-2/hilo_d2/basic/results.json"
"1.5","2","hilo","full_deviations","true_count",0,0,-5,5,0.005,-0.0045688,true,0.055992932,6.917125092134403,1.0000719691870172,1.4555467159422334e-05,0.8500000000000001,1.0000748221250368,0.005737796819145254,0.9607456727272728,0.005333736187024078,0.8534238054054053,"paper_materials/performance-suites/h17c03_5b_named_counts_continuous/bj3-2/hilo_d2/full_deviations/results.json"
"1.5","2","halves","basic","true_count",0,0,-5,5,0.005,-0.0045688,true,0.0436573223,6.703224550061428,1.0000431369536606,1.390494150919872e-05,0.7,1.0000517512496883,0.0058202479453699696,0.6639508363636364,0.005419745831337786,0.6639508363636365,"paper_materials/performance-suites/h17c03_5b_named_counts_continuous/bj3-2/halves_d2/basic/results.json"
"1.5","2","halves","full_deviations","true_count",0,0,-5,5,0.005,-0.0045688,true,0.0591748529,6.941607411023145,1.0000793745728451,1.4869043889457404e-05,0.8500000000000001,1.0000824866941,0.006129729816344437,0.941678109090909,0.005695073860984339,0.9416781090909092,"paper_materials/performance-suites/h17c03_5b_named_counts_continuous/bj3-2/halves_d2/full_deviations/results.json"
"1.5","2","ko","basic","running_count",0,0,-20,30,0.005,-0.0045688,true,0.0221795819,9.270137902112559,0.9999180918349182,2.4351133158106104e-05,0.5,1.0000327760682122,0.015171361573488813,0.6625872,0.014130729899332414,0.6625872000000002,"paper_materials/performance-suites/h17c03_5b_named_counts_continuous/bj3-2/ko_d2/basic/results.json"
"1.5","2","ko","full_deviations","running_count",0,0,-20,30,0.005,-0.0045688,true,0.0371640976,9.403392071807616,0.9999517225658107,2.567818319709677e-05,0.5,1.000058729686019,0.01570048318048436,0.5980184000000001,0.014614827640839982,0.5634495999999997,"paper_materials/performance-suites/h17c03_5b_named_counts_continuous/bj3-2/ko_d2/full_deviations/results.json"
"1.5","2","hiopt1","basic","true_count",0,0,-5,5,0.005,-0.0045688,true,0.037321271,6.574844161862444,1.0000316674860044,1.136969719626697e-05,0.7,1.000037302833129,0.0047173679905908265,0.5150870344827586,0.00438029883635392,0.5150870344827586,"paper_materials/performance-suites/h17c03_5b_named_counts_continuous/bj3-2/hiopt1_d2/basic/results.json"
"1.5","2","hiopt1","full_deviations","true_count",0,0,-5,5,0.005,-0.0045688,true,0.0533332435,6.795644167319528,1.0000639643569913,1.2724751615636343e-05,0.95,1.0000657901143033,0.00496016366272048,0.7814760888888886,0.004603928241670232,0.7814760888888884,"paper_materials/performance-suites/h17c03_5b_named_counts_continuous/bj3-2/hiopt1_d2/full_deviations/results.json"
"1.5","2","hiopt2","basic","true_count",0,0,-5,5,0.005,-0.0045688,true,0.0398189726,7.092986933139182,0.9999352385251012,2.317077677234039e-05,0.5,1.0000367442971263,0.010332745705245897,0.9791295111111109,0.009604948056161581,0.9791295111111111,"paper_materials/performance-suites/h17c03_5b_named_counts_continuous/bj3-2/hiopt2_d2/basic/results.json"
"1.5","2","hiopt2","full_deviations","true_count",0,0,-5,5,0.005,-0.0045688,true,0.0551562001,7.285701757789487,0.9999853007514092,2.4132515298388736e-05,0.5,1.0000691698369313,0.010720076714034266,0.9985845714285716,0.009971114179939362,0.9985845714285716,"paper_materials/performance-suites/h17c03_5b_named_counts_continuous/bj3-2/hiopt2_d2/full_deviations/results.json"
"1.5","2","omega2","basic","true_count",0,0,-5,5,0.005,-0.0045688,true,0.0403304201,7.123451198837069,0.9999104820490926,2.4872839921034418e-05,0.5,1.0000347967065883,0.011183757502224532,0.9430183999999999,0.010388039191384526,0.9430183999999998,"paper_materials/performance-suites/h17c03_5b_named_counts_continuous/bj3-2/omega2_d2/basic/results.json"
"1.5","2","omega2","full_deviations","true_count",0,0,-5,5,0.005,-0.0045688,true,0.0554009417,7.361423052918971,0.9999561050493727,2.6377397302931875e-05,0.5,1.0000678282856448,0.01169338087711785,0.9881764129032258,0.010859541117523217,0.9881764129032259,"paper_materials/performance-suites/h17c03_5b_named_counts_continuous/bj3-2/omega2_d2/full_deviations/results.json"
"1.5","2","zen","basic","true_count",0,0,-5,5,0.005,-0.0045688,true,0.0426726161,7.137378154348669,0.9999256886792637,2.5160040908998523e-05,0.5,1.0000430531260815,0.011205577263820245,0.9653144727272727,0.01042980168426198,0.9653144727272723,"paper_materials/performance-suites/h17c03_5b_named_counts_continuous/bj3-2/zen_d2/basic/results.json"
"1.5","2","zen","full_deviations","true_count",0,0,-5,5,0.005,-0.0045688,true,0.0572224161,7.383187184038338,0.9999690900617274,2.698849849866002e-05,0.5,1.0000751949441429,0.011746843389264265,0.9985845714285716,0.010927213785284091,0.9985845714285715,"paper_materials/performance-suites/h17c03_5b_named_counts_continuous/bj3-2/zen_d2/full_deviations/results.json"
"1.5","6","hilo","basic","true_count",0,0,-5,5,0.005,-0.0063873,true,0.0116881741,5.518394638382321,1.0000103344874953,6.013246097835772e-06,0.75,1.0000114379817984,0.0021291150376728917,0.3853474506172839,0.001977647573206727,0.3853474506172841,"paper_materials/performance-suites/h17c03_5b_named_counts_continuous/bj3-2/hilo_d6/basic/results.json"
"1.5","6","hilo","full_deviations","true_count",0,0,-5,5,0.005,-0.0063873,true,0.0159092823,5.643252317693757,1.000015152997952,6.556815748586234e-06,0.8500000000000001,1.0000157840283403,0.002207387581809553,0.4665248550561799,0.0020506148114146456,0.46652485505617997,"paper_materials/performance-suites/h17c03_5b_named_counts_continuous/bj3-2/hilo_d6/full_deviations/results.json"
"1.5","6","halves","basic","true_count",0,0,-5,5,0.005,-0.0063873,true,0.0125356528,5.624173631880078,1.0000106581705284,6.472583673044702e-06,0.65,1.0000123252848534,0.0023199467795373047,0.42040001111111114,0.002154474321938296,0.36754266666666663,"paper_materials/performance-suites/h17c03_5b_named_counts_continuous/bj3-2/halves_d6/basic/results.json"
"1.5","6","halves","full_deviations","true_count",0,0,-5,5,0.005,-0.0063873,true,0.0173740756,5.745367502170675,1.0000169108849626,7.042573820491107e-06,0.75,1.0000176362482114,0.0024010431896251943,0.42040001111111114,0.0022303463970270707,0.4174137629629628,"paper_materials/performance-suites/h17c03_5b_named_counts_continuous/bj3-2/halves_d6/full_deviations/results.json"
"1.5","6","ko","basic","running_count",0,0,-20,30,0.005,-0.0063873,true,-0.0313634366,10.134566534859127,0.9860345383849085,0.10872304618689684,0.5,0.9995279219848225,0.04625665798445904,1.4252888999999997,0.04294911921429363,1.2852888999999998,"paper_materials/performance-suites/h17c03_5b_named_counts_continuous/bj3-2/ko_d6/basic/results.json"
"1.5","6","ko","full_deviations","running_count",0,0,-20,30,0.005,-0.0063873,true,-0.0276492476,10.161599106029461,0.9650135270915073,0.17835874995757728,0.5,0.9995233552791948,0.04684712990043792,1.4289015999999999,0.043516756413238655,1.3552889,"paper_materials/performance-suites/h17c03_5b_named_counts_continuous/bj3-2/ko_d6/full_deviations/results.json"
"1.5","6","hiopt1","basic","true_count",0,0,-5,5,0.005,-0.0063873,true,0.009019477,5.286367163612813,1.0000077303364256,5.096801498888306e-06,0.75,1.000008582610111,0.001745136012462345,0.35215440909090906,0.001617821199465189,0.35215440909090917,"paper_materials/performance-suites/h17c03_5b_named_counts_continuous/bj3-2/hiopt1_d6/basic/results.json"
"1.5","6","hiopt1","full_deviations","true_count",0,0,-5,5,0.005,-0.0063873,true,0.0138295795,5.386341810680361,1.00001313444043,5.599678588314785e-06,0.8500000000000001,1.0000132704465787,0.0018056430776918837,0.3580635,0.0016742613747260618,0.35806350000000003,"paper_materials/performance-suites/h17c03_5b_named_counts_continuous/bj3-2/hiopt1_d6/full_deviations/results.json"
"1.5","6","hiopt2","basic","true_count",0,0,-5,5,0.005,-0.0063873,true,0.0097830028,6.392135462748588,0.9999778393961744,1.1727774866908427e-05,0.5,1.0000079929666956,0.004827614246064039,0.6131202253012048,0.004478944702574393,0.6131202253012047,"paper_materials/performance-suites/h17c03_5b_named_counts_continuous/bj3-2/hiopt2_d6/basic/results.json"
"1.5","6","hiopt2","full_deviations","true_count",0,0,-5,5,0.005,-0.0063873,true,0.0151116994,6.504418218895732,0.9999878356570298,1.250078681476725e-05,0.5,1.0000143625808735,0.004951705131195874,0.7681044339805826,0.004605210894733976,0.7681044339805826,"paper_materials/performance-suites/h17c03_5b_named_counts_continuous/bj3-2/hiopt2_d6/full_deviations/results.json"
"1.5","6","omega2","basic","true_count",0,0,-5,5,0.005,-0.0063873,true,0.0099802855,6.483183057145438,0.9999695926483629,1.2879141378745396e-05,0.5,1.000007314139829,0.005316722448865909,0.6935907867924529,0.004930155055622941,0.6528154405063293,"paper_materials/performance-suites/h17c03_5b_named_counts_continuous/bj3-2/omega2_d6/basic/results.json"
"1.5","6","omega2","full_deviations","true_count",0,0,-5,5,0.005,-0.0063873,true,0.014717326,6.594522320586455,0.9999788847299154,1.3696623938783654e-05,0.5,1.0000134191912442,0.005447976553488065,0.8034442398058252,0.005062203043260417,0.8034442398058251,"paper_materials/performance-suites/h17c03_5b_named_counts_continuous/bj3-2/omega2_d6/full_deviations/results.json"
"1.5","6","zen","basic","true_count",0,0,-5,5,0.005,-0.0063873,true,0.0111979189,6.490560726662049,0.9999735561371232,1.2811758167518614e-05,0.5,1.0000094629377387,0.005321880495739507,0.6476089545454545,0.004940857687832106,0.6476089545454545,"paper_materials/performance-suites/h17c03_5b_named_counts_continuous/bj3-2/zen_d6/basic/results.json"
"1.5","6","zen","full_deviations","true_count",0,0,-5,5,0.005,-0.0063873,true,0.0156988296,6.577332661512678,0.9999824959881245,1.3388155946754783e-05,0.5,1.0000151022269559,0.005434863592869501,0.8034442398058254,0.005056507030870359,0.8034442398058257,"paper_materials/performance-suites/h17c03_5b_named_counts_continuous/bj3-2/zen_d6/full_deviations/results.json"
"1.2","1","hilo","basic","true_count",0,0,-5,5,0.005,-0.0155422,true,0.010055134350666427,5.074059413595129,0.9999996592920971,1.3723310293989424e-05,0.5,1.000022987019483,0.004568657788126093,0.6156223333333334,0.004186580578807548,0.5722889999999999,"paper_materials/performance-suites/h17c03_5b_named_counts_continuous/bj6-5/hilo_d1/basic/results.json"
"1.2","1","hilo","full_deviations","true_count",0,0,-5,5,0.005,-0.0155422,true,0.03556155958240571,5.454439653920153,1.0000694785810134,1.5426460524526114e-05,0.75,1.0000742091303023,0.0049753472360697885,0.9832046000000001,0.0045278130185336515,0.9832046000000003,"paper_materials/performance-suites/h17c03_5b_named_counts_continuous/bj6-5/hilo_d1/full_deviations/results.json"
"1.2","1","halves","basic","true_count",0,0,-5,5,0.005,-0.0155422,true,0.012158235448494483,5.211872129660504,0.9999982230442981,1.4530426702045547e-05,0.5,1.00002590915513,0.00501804813019745,0.7754139999999999,0.004598465948461552,0.7754139999999999,"paper_materials/performance-suites/h17c03_5b_named_counts_continuous/bj6-5/halves_d1/basic/results.json"
"1.2","1","halves","full_deviations","true_count",0,0,-5,5,0.005,-0.0155422,true,0.04146451603492484,5.6178757236985195,1.000083569123001,1.6175928714442e-05,0.8,1.000088638468392,0.005465919052843275,0.9987468000000002,0.0049763221222082245,0.9987468000000004,"paper_materials/performance-suites/h17c03_5b_named_counts_continuous/bj6-5/halves_d1/full_deviations/results.json"
"1.2","1","ko","basic","running_count",0,0,-20,30,0.005,-0.0155422,true,0.011226009016074895,5.165226493718139,1.000024131586426,7.166894259463342e-06,1,1.000024131586426,0.002763671726558579,0.29674680000000003,0.002537997896031064,0.2967468000000001,"paper_materials/performance-suites/h17c03_5b_named_counts_continuous/bj6-5/ko_d1/basic/results.json"
"1.2","1","ko","full_deviations","running_count",0,0,-20,30,0.005,-0.0155422,true,0.040973205620157334,5.545864181180165,1.0000717262689671,8.103198771307697e-06,1,1.0000717262689671,0.003022791157351424,0.34620460000000003,0.0027601399113808666,0.34620460000000014,"paper_materials/performance-suites/h17c03_5b_named_counts_continuous/bj6-5/ko_d1/full_deviations/results.json"
"1.2","1","hiopt1","basic","true_count",0,0,-5,5,0.005,-0.0155422,true,0.007617790737213945,4.871359884591855,1.0000005588396548,1.1744186582719872e-05,0.5,1.000017304462261,0.0037620080400787496,0.6156223333333334,0.003439572799139809,0.6156223333333335,"paper_materials/performance-suites/h17c03_5b_named_counts_continuous/bj6-5/hiopt1_d1/basic/results.json"
"1.2","1","hiopt1","full_deviations","true_count",0,0,-5,5,0.005,-0.0155422,true,0.03626291892829204,5.235757491027573,1.0000686700774943,1.3541579140961468e-05,0.9,1.000069803409162,0.004132658856934008,0.8817468,0.0037486818614428687,0.8817467999999998,"paper_materials/performance-suites/h17c03_5b_named_counts_continuous/bj6-5/hiopt1_d1/full_deviations/results.json"
"1.2","1","hiopt2","basic","true_count",0,0,-5,5,0.005,-0.0155422,true,0.009721891532488442,5.89497504413307,0.999811660305444,2.7398390457514565e-05,0.5,0.9999968618905108,0.010417596379873549,0.9785389999999999,0.009547875681666963,0.9785389999999999,"paper_materials/performance-suites/h17c03_5b_named_counts_continuous/bj6-5/hiopt2_d1/basic/results.json"
"1.2","1","hiopt2","full_deviations","true_count",0,0,-5,5,0.005,-0.0155422,true,0.039079168845400955,6.258874641426896,0.9979193855007288,0.044695370462425076,0.5,1.0000730679385053,0.011186335312615514,1.315146142857143,0.010214244374741112,1.315146142857143,"paper_materials/performance-suites/h17c03_5b_named_counts_continuous/bj6-5/hiopt2_d1/full_deviations/results.json"
"1.2","1","omega2","basic","true_count",0,0,-5,5,0.005,-0.0155422,true,0.010314071103288126,5.9678253050058165,0.9997652483978621,2.980865376895183e-05,0.5,0.9999897754541958,0.01147774203289592,0.9859253636363636,0.010510088524089013,0.9859253636363636,"paper_materials/performance-suites/h17c03_5b_named_counts_continuous/bj6-5/omega2_d1/basic/results.json"
"1.2","1","omega2","full_deviations","true_count",0,0,-5,5,0.005,-0.0155422,true,0.039823031942134664,6.326319423802346,0.9868845067704759,0.11331742662300517,0.5,1.000072688738112,0.01228259076755074,1.5707468000000002,0.011214096971587692,1.5707468000000002,"paper_materials/performance-suites/h17c03_5b_named_counts_continuous/bj6-5/omega2_d1/full_deviations/results.json"
"1.2","1","zen","basic","true_count",0,0,-5,5,0.005,-0.0155422,true,0.010834071466788293,5.987426019500787,0.9987754995241054,0.03161568403756535,0.5,0.9999953287828277,0.011511339696062363,1.027289,0.010557073922722666,1.027289,"paper_materials/performance-suites/h17c03_5b_named_counts_continuous/bj6-5/zen_d1/basic/results.json"
"1.2","1","zen","full_deviations","true_count",0,0,-5,5,0.005,-0.0155422,true,0.03945591121718197,6.392283455924436,0.99388045323498,0.07725629487566112,0.5,1.0000764794976702,0.012484181667715782,1.5707468000000002,0.011369190092133885,1.5707468000000004,"paper_materials/performance-suites/h17c03_5b_named_counts_continuous/bj6-5/zen_d1/full_deviations/results.json"
"1.2","2","hilo","basic","true_count",0,0,-5,5,0.005,-0.0183038,true,-0.008106449080528402,4.159221266986912,0.9999983263616022,7.820463507524677e-06,0.55,1.0000069676237375,0.002106064479290553,0.5868734000000001,0.0019231909345759197,0.5868734000000001,"paper_materials/performance-suites/h17c03_5b_named_counts_continuous/bj6-5/hilo_d2/basic/results.json"
"1.2","2","hilo","full_deviations","true_count",0,0,-5,5,0.005,-0.0183038,true,0.0038249082519353867,4.441052655629406,1.0000200668274497,8.744481067083416e-06,0.8500000000000001,1.0000222366338853,0.00226092769542094,0.864600672727273,0.002057145031303267,0.7572788054054053,"paper_materials/performance-suites/h17c03_5b_named_counts_continuous/bj6-5/hilo_d2/full_deviations/results.json"
"1.2","2","halves","basic","true_count",0,0,-5,5,0.005,-0.0183038,true,-0.0070372276795088295,4.291738933672471,0.9999977617557126,8.431441773029482e-06,0.5,1.000007997664034,0.002355966810754094,0.5815408363636364,0.0021517016236141,0.5815408363636364,"paper_materials/performance-suites/h17c03_5b_named_counts_continuous/bj6-5/halves_d2/basic/results.json"
"1.2","2","halves","full_deviations","true_count",0,0,-5,5,0.005,-0.0183038,true,0.006566926327849531,4.58490491104794,1.000024192527015,9.15707735932684e-06,0.8500000000000001,1.0000265443947736,0.002522959838837727,0.859268109090909,0.0022946732796163475,0.8592681090909089,"paper_materials/performance-suites/h17c03_5b_named_counts_continuous/bj6-5/halves_d2/full_deviations/results.json"
"1.2","2","ko","basic","running_count",0,0,-20,30,0.005,-0.0183038,true,-0.029417156899467896,7.136972676034298,0.9999163371652482,1.54738842937035e-05,0.5,0.9999873242585563,0.007554371548834464,0.5801772000000001,0.006920851417552359,0.5801772,"paper_materials/performance-suites/h17c03_5b_named_counts_continuous/bj6-5/ko_d2/basic/results.json"
"1.2","2","ko","full_deviations","running_count",0,0,-20,30,0.005,-0.0183038,true,-0.014866888545756388,7.363245767369892,0.9999481847104496,1.674062157871906e-05,0.5,1.000008112304434,0.007942890188886354,0.48348100000000005,0.007271288977590164,0.4834810000000001,"paper_materials/performance-suites/h17c03_5b_named_counts_continuous/bj6-5/ko_d2/full_deviations/results.json"
"1.2","2","hiopt1","basic","true_count",0,0,-5,5,0.005,-0.0183038,true,-0.009421047100382518,3.8880621049214317,0.999999404759846,6.285036275396217e-06,0.55,1.0000051410724746,0.0016264327832814683,0.4464120344827586,0.0014823590039460244,0.4464120344827587,"paper_materials/performance-suites/h17c03_5b_named_counts_continuous/bj6-5/hiopt1_d2/basic/results.json"
"1.2","2","hiopt1","full_deviations","true_count",0,0,-5,5,0.005,-0.0183038,true,0.003930563591026592,4.150206128153879,1.0000206412480195,7.234905349808865e-06,0.95,1.0000215941111694,0.0017474309042581368,0.6990660888888888,0.0015884903497309808,0.6990660888888888,"paper_materials/performance-suites/h17c03_5b_named_counts_continuous/bj6-5/hiopt1_d2/full_deviations/results.json"
"1.2","2","hiopt2","basic","true_count",0,0,-5,5,0.005,-0.0183038,true,-0.010958281950555992,5.286226990612267,0.9999095351505959,1.691799019772262e-05,0.5,0.9999921133166606,0.0058626144580541314,0.9118733999999998,0.005357641635077063,0.9118733999999998,"paper_materials/performance-suites/h17c03_5b_named_counts_continuous/bj6-5/hiopt2_d2/basic/results.json"
"1.2","2","hiopt2","full_deviations","true_count",0,0,-5,5,0.005,-0.0183038,true,0.003132846871916771,5.494672774197823,0.9999518910201792,1.8055045272650855e-05,0.5,1.00001805521549,0.006128444799358942,0.9667848000000003,0.005599311868922751,0.9667848000000004,"paper_materials/performance-suites/h17c03_5b_named_counts_continuous/bj6-5/hiopt2_d2/full_deviations/results.json"
"1.2","2","omega2","basic","true_count",0,0,-5,5,0.005,-0.0183038,true,-0.011021888360813952,5.414315818932918,0.9998871204684013,1.848169249390821e-05,0.5,0.9999881434073559,0.0065866714610459155,0.9918143333333334,0.006015504505739211,0.9487486285714287,"paper_materials/performance-suites/h17c03_5b_named_counts_continuous/bj6-5/omega2_d2/basic/results.json"
"1.2","2","omega2","full_deviations","true_count",0,0,-5,5,0.005,-0.0183038,true,0.0031818218252790452,5.671293342422667,0.9999294252302384,1.998827574738665e-05,0.5,1.0000156111610916,0.006933555265832962,0.9918143333333332,0.00632613103284183,0.9843430689655174,"paper_materials/performance-suites/h17c03_5b_named_counts_continuous/bj6-5/omega2_d2/full_deviations/results.json"
"1.2","2","zen","basic","true_count",0,0,-5,5,0.005,-0.0183038,true,-0.010760235350705003,5.422137774956441,0.9998902551216783,1.8752354534047918e-05,0.5,0.9999899053127815,0.006598789564544003,0.9768734,0.006032822853480937,0.9768733999999999,"paper_materials/performance-suites/h17c03_5b_named_counts_continuous/bj6-5/zen_d2/basic/results.json"
"1.2","2","zen","full_deviations","true_count",0,0,-5,5,0.005,-0.0183038,true,0.0029832261191309927,5.695678079437236,0.9999311472157499,2.0069650541022097e-05,0.5,1.0000167913568376,0.006965276071658631,0.9768734000000001,0.006361026191555767,0.9768734,"paper_materials/performance-suites/h17c03_5b_named_counts_continuous/bj6-5/zen_d2/full_deviations/results.json"
"1.2","6","hilo","basic","true_count",0,0,-5,5,0.005,-0.0199842,true,-0.018783177844211532,2.6400362218479207,0.9999992520476376,2.537912987187757e-06,0.5,1.0000006102739976,0.00041158497114258735,0.317362950617284,0.0003754869051448089,0.31736295061728403,"paper_materials/performance-suites/h17c03_5b_named_counts_continuous/bj6-5/hilo_d6/basic/results.json"
"1.2","6","hilo","full_deviations","true_count",0,0,-5,5,0.005,-0.0199842,true,-0.015961184320548917,2.775665954716265,1.0000018225976315,2.804621208548766e-06,0.75,1.0000021923609428,0.0004352404942925224,0.317362950617284,0.0003964741841237455,0.317362950617284,"paper_materials/performance-suites/h17c03_5b_named_counts_continuous/bj6-5/hilo_d6/full_deviations/results.json"
"1.2","6","halves","basic","true_count",0,0,-5,5,0.005,-0.0199842,true,-0.01855938733201623,2.7652001249270386,0.9999990955114371,2.804154544378619e-06,0.5,1.0000007286486112,0.0004848430010056277,0.3252217111111111,0.00044235819409303825,0.311592611764706,"paper_materials/performance-suites/h17c03_5b_named_counts_continuous/bj6-5/halves_d6/basic/results.json"
"1.2","6","halves","full_deviations","true_count",0,0,-5,5,0.005,-0.0199842,true,-0.01529879629102397,2.8986891088158244,1.00000230694274,3.238075912626934e-06,0.75,1.0000027193906955,0.0005123073304341354,0.36302616296296303,0.0004660043605976035,0.3630261629629629,"paper_materials/performance-suites/h17c03_5b_named_counts_continuous/bj6-5/halves_d6/full_deviations/results.json"
"1.2","6","ko","basic","running_count",0,0,-20,30,0.005,-0.0199842,true,-0.12200226272096047,9.433267999218154,0.9982644315726786,5.3511764165787055e-05,0.5,0.9994823204664461,0.03517961742501844,1.3301105999999998,0.03220256879520846,1.1901106000000001,"paper_materials/performance-suites/h17c03_5b_named_counts_continuous/bj6-5/ko_d6/basic/results.json"
"1.2","6","ko","full_deviations","running_count",0,0,-20,30,0.005,-0.0199842,true,-0.1183613527073596,9.46572307436888,0.9732694656779161,0.1559258343524355,0.5,0.9994829547215792,0.03568106050051946,1.4401264,0.032699199567042835,1.4401264,"paper_materials/performance-suites/h17c03_5b_named_counts_continuous/bj6-5/ko_d6/full_deviations/results.json"
"1.2","6","hiopt1","basic","true_count",0,0,-5,5,0.005,-0.0199842,true,-0.018966820686894082,2.3601112456535875,0.9999997250708044,1.896188590036192e-06,0.5,1.0000004087036298,0.0002741565760034975,0.28416990909090906,0.00024975745586761365,0.2841699090909091,"paper_materials/performance-suites/h17c03_5b_named_counts_continuous/bj6-5/hiopt1_d6/basic/results.json"
"1.2","6","hiopt1","full_deviations","true_count",0,0,-5,5,0.005,-0.0199842,true,-0.015989232326000212,2.4796301733190034,1.0000019082865914,2.137757244230485e-06,0.75,1.0000019576330856,0.0002911051426623745,0.30524838518518516,0.0002645278758686423,0.30185817281553395,"paper_materials/performance-suites/h17c03_5b_named_counts_continuous/bj6-5/hiopt1_d6/full_deviations/results.json"
"1.2","6","hiopt2","basic","true_count",0,0,-5,5,0.005,-0.0199842,true,-0.022655967875555183,3.9893557175499685,0.9999770940598454,6.977557087104576e-06,0.5,0.9999954047384926,0.0018377887986170862,0.5205335454545456,0.0016783010994898017,0.5205335454545453,"paper_materials/performance-suites/h17c03_5b_named_counts_continuous/bj6-5/hiopt2_d6/basic/results.json"
"1.2","6","hiopt2","full_deviations","true_count",0,0,-5,5,0.005,-0.0199842,true,-0.01832608586040597,4.11456459211326,0.9999839644038295,7.553632507669722e-06,0.5,0.9999994636221639,0.0019003780760696223,0.6729261339805827,0.001739804417396934,0.6729261339805828,"paper_materials/performance-suites/h17c03_5b_named_counts_continuous/bj6-5/hiopt2_d6/full_deviations/results.json"
"1.2","6","omega2","basic","true_count",0,0,-5,5,0.005,-0.0199842,true,-0.02321609166114197,4.161143777281604,0.9999706098653995,7.874041045699918e-06,0.5,0.9999939637778809,0.0021548108490471846,0.5984124867924528,0.0019669240605316085,0.5712340405063294,"paper_materials/performance-suites/h17c03_5b_named_counts_continuous/bj6-5/omega2_d6/basic/results.json"
"1.2","6","omega2","full_deviations","true_count",0,0,-5,5,0.005,-0.0199842,true,-0.019203486767703296,4.280700081388053,0.99997765232074,8.478852273110586e-06,0.5,0.9999980215846848,0.002219506018287463,0.7082659398058254,0.002029426756824451,0.7082659398058255,"paper_materials/performance-suites/h17c03_5b_named_counts_continuous/bj6-5/omega2_d6/full_deviations/results.json"
"1.2","6","zen","basic","true_count",0,0,-5,5,0.005,-0.0199842,true,-0.02319678795863719,4.164541567325517,0.9999709789823336,7.870940345061105e-06,0.5,0.9999942134933884,0.0021568583715048887,0.5807690823529412,0.001970027862011984,0.5807690823529412,"paper_materials/performance-suites/h17c03_5b_named_counts_continuous/bj6-5/zen_d6/basic/results.json"
"1.2","6","zen","full_deviations","true_count",0,0,-5,5,0.005,-0.0199842,true,-0.01943458094445672,4.280239107345245,0.9999774907841217,8.340445432405927e-06,0.5,0.9999980263465174,0.002220415000360065,0.7082659398058254,0.0020319826878885225,0.7082659398058256,"paper_materials/performance-suites/h17c03_5b_named_counts_continuous/bj6-5/zen_d6/full_deviations/results.json"
